project,all,checkbox,radio,select,text,textarea
ANLI Generation Eval - Reflective_ACL_1,0.5625,,0.5625,,,
ATOMIC - Object Rationale 13,0.18402639567597123,,,,,0.18402639567597123
JiminyCricket-HumanVal-b10,0.5104749166993772,0.6,0.8181818181818182,,0.0,0.107995987603038
Missing Adjective FITB,0.26249999999999996,,,,0.26249999999999996,
Simplicity HIT,0.22058823529411764,,,0.22058823529411764,,
Step 3 Creating Answers Given Questions 23,0.3050753492527353,,,,0.3050753492527353,
Word Formality Annotation,0.0275,,,0.0275,,
atomic_event2event-effects 4,0.2424487594390507,,0.6,,0.015432098765432096,
winogrande validation (grammar) additional_ph,0.8625,0.825,0.9,,,
