project,all,text
Step 3 Creating Answers Given Questions 23,0.27138609953902304,0.27138609953902304
